{
    "return_lower": -0.03,
    "return_upper": 0.0,
    "scale_factor": 0.3,
    "sharpe": 5.041723145669567,
    "annual_return": 0.7046820444458337,
    "annual_volatility": 0.13977007941245223,
    "max_drawdown": -0.07717181240625248,
    "win_rate": 0.4966887417218543,
    "window_sharpes": [
        3.233122983104431,
        6.919740205747993,
        6.302789871940651
    ],
    "min_sharpe": 3.233122983104431
}