{
  "sharpe": 0.66875490561667,
  "ann_return": 0.09680517584578952,
  "ann_vol": 0.14475434128819417,
  "maxdd": -0.32125868933710033,
  "winrate": 0.5499383477188656
}