{
    "sharpe": 1.1140409432166438,
    "annual_return": 0.17179473826331484,
    "annual_volatility": 0.1542086395561734,
    "max_drawdown": -0.2219625869021343,
    "win_rate": 0.513375796178344,
    "num_trades": 785
}