{
    "sharpe": 0.796581143111902,
    "annual_return": 0.1483996046755946,
    "annual_volatility": 0.18629565356752084,
    "max_drawdown": -0.28374011831216545,
    "win_rate": 0.49171974522292994,
    "num_trades": 785
}