{
    "full_period": {
        "ml9_no_guard": {
            "sharpe": 0.9055233166333222,
            "annual_return": 0.16752391382761275,
            "annual_volatility": 0.18500231937754621,
            "max_drawdown": -0.22537104115449574,
            "win_rate": 0.4966887417218543,
            "num_trades": 755
        },
        "ml9_guard_no_costs": {
            "sharpe": 1.095750439491424,
            "annual_return": 0.14632042683172103,
            "annual_volatility": 0.13353444503260567,
            "max_drawdown": -0.10786727837979185,
            "win_rate": 0.4966887417218543,
            "num_trades": 755
        },
        "ml9_guard_with_costs": {
            "sharpe": 0.7195263706254155,
            "annual_return": 0.09625420166615813,
            "annual_volatility": 0.1337743904820244,
            "max_drawdown": -0.12205731817994545,
            "win_rate": 0.47549668874172185,
            "num_trades": 755
        }
    },
    "train_period": {
        "ml9_no_guard": {
            "sharpe": 0.6866973136976616,
            "annual_return": 0.13219464196051398,
            "annual_volatility": 0.19250787694025623,
            "max_drawdown": -0.22537104115449574,
            "win_rate": 0.4831013916500994,
            "num_trades": 503
        },
        "ml9_guard_with_costs": {
            "sharpe": 0.5865333612750374,
            "annual_return": 0.08123479608924421,
            "annual_volatility": 0.13849987307226938,
            "max_drawdown": -0.12205731817994545,
            "win_rate": 0.46123260437375746,
            "num_trades": 503
        }
    },
    "test_period": {
        "ml9_no_guard": {
            "sharpe": 1.4090365785715315,
            "annual_return": 0.23804226203852827,
            "annual_volatility": 0.16893973205426177,
            "max_drawdown": -0.09986480255525194,
            "win_rate": 0.5238095238095238,
            "num_trades": 252
        },
        "ml9_guard_with_costs": {
            "sharpe": 1.0198008797489613,
            "annual_return": 0.12623341200420451,
            "annual_volatility": 0.12378241136179323,
            "max_drawdown": -0.10530465484815273,
            "win_rate": 0.503968253968254,
            "num_trades": 252
        }
    },
    "guard_config": {
        "return_lower": -0.03,
        "return_upper": 0.0,
        "scale_factor": 0.3
    },
    "transaction_costs": {
        "slippage_bps": 3.0,
        "commission_pct": 0.02,
        "total_per_trade_pct": 0.05,
        "total_cost_pct": 15.000000000000002
    },
    "guard_stats": {
        "active_days": 299,
        "active_rate": 39.602649006622514
    }
}