{
    "sharpe": 0.9113384761222688,
    "annual_return": 0.14317654267672422,
    "annual_volatility": 0.15710578059420713,
    "max_drawdown": -0.2453027159969628,
    "win_rate": 0.49171974522292994,
    "num_trades": 785
}