{
    "ml9_no_guard": {
        "sharpe": 0.9055233166333222,
        "annual_return": 0.16752391382761275,
        "annual_volatility": 0.18500231937754621,
        "max_drawdown": -0.22537104115449574,
        "win_rate": 0.4966887417218543,
        "num_trades": 755
    },
    "ml9_optimized_guard": {
        "sharpe": 5.041723145669567,
        "annual_return": 0.7046820444458337,
        "annual_volatility": 0.13977007941245223,
        "max_drawdown": -0.07717181240625248,
        "win_rate": 0.4966887417218543,
        "num_trades": 755
    },
    "guard_config": {
        "enabled": true,
        "spx_symbol": "SPY",
        "return_lower": -0.03,
        "return_upper": 0.0,
        "scale_factor": 0.3,
        "vol_window": 20,
        "use_vol_filter": false
    },
    "guard_active_days": 324,
    "guard_active_rate": 42.91390728476821,
    "window_sharpes": [
        3.233122983104431,
        6.919740205747993,
        6.302789871940651
    ],
    "min_sharpe": 3.233122983104431
}