{
    "sharpe": 0.7665857117419462,
    "annual_return": 0.12124720749925762,
    "annual_volatility": 0.15816523272230354,
    "max_drawdown": -0.36629063448771787,
    "win_rate": 0.5317965023847376,
    "num_trades": 2516
}