{
    "sharpe": 0.809043005722212,
    "annual_return": 0.13422162592107917,
    "annual_volatility": 0.16590171965118589,
    "max_drawdown": -0.3111353366707543,
    "win_rate": 0.5425278219395866,
    "num_trades": 2516
}